#,Title,Acceptance,Difficulty
1,Two Sum,0.177,Medium
2,Add Two Numbers,0.209,Medium
3,Longest Substring Without Repeating Characters,0.205,Medium
4,Median of Two Sorted Arrays,0.173,Hard
5,Longest Palindromic Substring,0.208,Medium
6,ZigZag Conversion,0.218,Easy
7,Reverse Integer,0.249,Easy
8,String to Integer (atoi),0.13,Easy
9,Palindrome Number,0.284,Easy
10,Regular Expression Matching,0.207,Hard
11,Container With Most Water,0.319,Medium
12,Integer to Roman,0.339,Medium
13,Roman to Integer,0.341,Easy
14,Longest Common Prefix,0.255,Easy
15,3Sum,0.169,Medium
16,3Sum Closest,0.269,Medium
17,Letter Combinations of a Phone Number,0.258,Medium
18,4Sum,0.217,Medium
19,Remove Nth Node From End of List,0.271,Easy
20,Valid Parentheses,0.265,Easy
21,Merge Two Sorted Lists,0.326,Easy
22,Generate Parentheses,0.326,Medium
23,Merge k Sorted Lists,0.211,Hard
24,Swap Nodes in Pairs,0.325,Medium
25,Reverse Nodes in k-Group,0.254,Hard
26,Remove Duplicates from Sorted Array,0.312,Easy
27,Remove Element,0.32,Easy
28,Implement strStr(),0.222,Easy
29,Divide Two Integers,0.15,Medium
30,Substring with Concatenation of All Words,0.195,Hard
31,Next Permutation,0.249,Medium
32,Longest Valid Parentheses,0.209,Hard
33,Search in Rotated Sorted Array,0.288,Hard
34,Search for a Range,0.275,Medium
35,Search Insert Position,0.354,Medium
36,Valid Sudoku,0.272,Easy
37,Sudoku Solver,0.218,Hard
38,Count and Say,0.253,Easy
39,Combination Sum,0.279,Medium
40,Combination Sum II,0.252,Medium
41,First Missing Positive,0.228,Hard
42,Trapping Rain Water,0.3,Hard
43,Multiply Strings,0.21,Medium
44,Wildcard Matching,0.15,Hard
45,Jump Game II,0.242,Hard
46,Permutations,0.319,Medium
47,Permutations II,0.257,Hard
48,Rotate Image,0.319,Medium
49,Anagrams,0.243,Medium
50,"Pow(x, n)",0.267,Medium
51,N-Queens,0.265,Hard
52,N-Queens II,0.358,Hard
53,Maximum Subarray,0.345,Medium
54,Spiral Matrix,0.208,Medium
55,Jump Game,0.27,Medium
56,Merge Intervals,0.224,Hard
57,Insert Interval,0.215,Hard
58,Length of Last Word,0.28,Easy
59,Spiral Matrix II,0.318,Medium
60,Permutation Sequence,0.228,Medium
61,Rotate List,0.217,Medium
62,Unique Paths,0.329,Medium
63,Unique Paths II,0.28,Medium
64,Minimum Path Sum,0.322,Medium
65,Valid Number,0.114,Hard
66,Plus One,0.303,Easy
67,Add Binary,0.247,Easy
68,Text Justification,0.146,Hard
69,Sqrt(x),0.231,Medium
70,Climbing Stairs,0.344,Easy
71,Simplify Path,0.2,Medium
72,Edit Distance,0.263,Hard
73,Set Matrix Zeroes,0.315,Medium
74,Search a 2D Matrix,0.316,Medium
75,Sort Colors,0.325,Medium
76,Minimum Window Substring,0.189,Hard
77,Combinations,0.309,Medium
78,Subsets,0.282,Medium
79,Word Search,0.203,Medium
80,Remove Duplicates from Sorted Array II,0.305,Medium
81,Search in Rotated Sorted Array II,0.314,Medium
82,Remove Duplicates from Sorted List II,0.25,Medium
83,Remove Duplicates from Sorted List,0.345,Easy
84,Largest Rectangle in Histogram,0.226,Hard
85,Maximal Rectangle,0.221,Hard
86,Partition List,0.274,Medium
87,Scramble String,0.243,Hard
88,Merge Sorted Array,0.295,Easy
89,Gray Code,0.328,Medium
90,Subsets II,0.276,Medium
91,Decode Ways,0.164,Medium
92,Reverse Linked List II,0.26,Medium
93,Restore IP Addresses,0.21,Medium
94,Binary Tree Inorder Traversal,0.362,Medium
95,Unique Binary Search Trees II,0.28,Medium
96,Unique Binary Search Trees,0.359,Medium
97,Interleaving String,0.207,Hard
98,Validate Binary Search Tree,0.206,Medium
99,Recover Binary Search Tree,0.243,Hard
100,Same Tree,0.417,Easy
101,Symmetric Tree,0.316,Easy
102,Binary Tree Level Order Traversal,0.293,Easy
103,Binary Tree Zigzag Level Order Traversal,0.264,Medium
104,Maximum Depth of Binary Tree,0.451,Easy
105,Construct Binary Tree from Preorder and Inorder Traversal,0.263,Medium
106,Construct Binary Tree from Inorder and Postorder Traversal,0.268,Medium
107,Binary Tree Level Order Traversal II,0.309,Easy
108,Convert Sorted Array to Binary Search Tree,0.339,Medium
109,Convert Sorted List to Binary Search Tree,0.279,Medium
110,Balanced Binary Tree,0.32,Easy
111,Minimum Depth of Binary Tree,0.291,Easy
112,Path Sum,0.298,Easy
113,Path Sum II,0.266,Medium
114,Flatten Binary Tree to Linked List,0.288,Medium
115,Distinct Subsequences,0.263,Hard
116,Populating Next Right Pointers in Each Node,0.362,Medium
117,Populating Next Right Pointers in Each Node II,0.32,Hard
118,Pascal's Triangle,0.302,Easy
119,Pascal's Triangle II,0.294,Easy
120,Triangle,0.274,Medium
121,Best Time to Buy and Sell Stock,0.327,Medium
122,Best Time to Buy and Sell Stock II,0.383,Medium
123,Best Time to Buy and Sell Stock III,0.239,Hard
124,Binary Tree Maximum Path Sum,0.215,Hard
125,Valid Palindrome,0.22,Easy
126,Word Ladder II,0.129,Hard
127,Word Ladder,0.193,Medium
128,Longest Consecutive Sequence,0.295,Hard
129,Sum Root to Leaf Numbers,0.303,Medium
130,Surrounded Regions,0.147,Medium
131,Palindrome Partitioning,0.268,Medium
132,Palindrome Partitioning II,0.197,Hard
133,Clone Graph,0.24,Medium
134,Gas Station,0.257,Medium
135,Candy,0.205,Hard
136,Single Number,0.45,Medium
137,Single Number II,0.35,Medium
138,Copy List with Random Pointer,0.251,Hard
139,Word Break,0.23,Medium
140,Word Break II,0.177,Hard
141,Linked List Cycle,0.363,Medium
142,Linked List Cycle II,0.314,Medium
143,Reorder List,0.21,Medium
144,Binary Tree Preorder Traversal,0.362,Medium
145,Binary Tree Postorder Traversal,0.324,Hard
146,LRU Cache,0.15,Hard
147,Insertion Sort List,0.265,Medium
148,Sort List,0.22,Medium
149,Max Points on a Line,0.126,Hard
150,Evaluate Reverse Polish Notation,0.211,Medium
151,Reverse Words in a String,0.151,Medium
152,Maximum Product Subarray,0.194,Medium
153,Find Minimum in Rotated Sorted Array,0.333,Medium
154,Find Minimum in Rotated Sorted Array II,0.319,Hard
155,Min Stack,0.187,Easy
156,Binary Tree Upside Down?,0.342,Medium
157,Read N Characters Given Read4?,0.298,Easy
158,Read N Characters Given Read4 II - Call multiple times?,0.223,Hard
159,Longest Substring with At Most Two Distinct Characters?,0.302,Hard
160,Intersection of Two Linked Lists,0.288,Easy
161,One Edit Distance?,0.241,Medium
162,Find Peak Element,0.315,Medium
163,Missing Ranges?,0.239,Medium
164,Maximum Gap,0.244,Hard
165,Compare Version Numbers,0.152,Easy
166,Fraction to Recurring Decimal,0.127,Medium
167,Two Sum II - Input array is sorted?,0.434,Medium
168,Excel Sheet Column Title,0.182,Easy
169,Majority Element,0.352,Easy
170,Two Sum III - Data structure design?,0.248,Easy
171,Excel Sheet Column Number,0.365,Easy
172,Factorial Trailing Zeroes,0.286,Easy
173,Binary Search Tree Iterator,0.294,Medium
174,Dungeon Game,0.178,Hard
179,Largest Number,0.158,Medium
186,Reverse Words in a String II?,0.312,Medium
187,Repeated DNA Sequences,0.197,Medium
188,Best Time to Buy and Sell Stock IV,0.175,Hard
189,Rotate Array,0.179,Easy
190,Reverse Bits,0.284,Easy
191,Number of 1 Bits,0.374,Easy
198,House Robber,0.289,Easy
199,Binary Tree Right Side View,0.271,Medium
200,Number of Islands,0.22,Medium
201,Bitwise AND of Numbers Range,0.239,Medium
202,Happy Number,0.313,Easy
203,Remove Linked List Elements,0.259,Easy
204,Count Primes,0.191,Easy
205,Isomorphic Strings,0.242,Easy
206,Reverse Linked List,0.316,Easy
207,Course Schedule,0.217,Medium
208,Implement Trie (Prefix Tree),0.249,Medium
209,Minimum Size Subarray Sum,0.231,Medium
210,Course Schedule II,0.194,Medium
211,Add and Search Word - Data structure design,0.207,Medium
212,Word Search II,0.15,Hard
213,House Robber II,0.264,Medium
214,Shortest Palindrome,0.167,Hard
215,Kth Largest Element in an Array,0.272,Medium
216,Combination Sum III,0.28,Medium
217,Contains Duplicate,0.358,Easy
218,The Skyline Problem,0.166,Hard
219,Contains Duplicate II,0.256,Easy
220,Contains Duplicate III,0.155,Medium
221,Maximal Square,0.201,Medium
222,Count Complete Tree Nodes,0.199,Medium
223,Rectangle Area,0.254,Easy
224,Basic Calculator,0.161,Medium
225,Implement Stack using Queues,0.303,Easy
226,Invert Binary Tree,0.355,Easy
227,Basic Calculator II,0.178,Medium
228,Summary Ranges,0.194,Easy
229,Majority Element II,0.215,Medium
230,Kth Smallest Element in a BST,0.3,Medium
231,Power of Two,0.306,Easy
232,Implement Queue using Stacks,0.369,Easy
233,Number of Digit One,0.071,Medium
